time,auction_id,A,B,C
2022-01-01 02:10:56,100,70.0,48.0,105.0
2022-01-01 02:12:14,101,7.0,127.0,6.0
2022-01-01 02:13:33,102,20.0,22.0,9.0
2022-01-01 02:14:51,103,18.0,12.0,27.0
2022-01-01 02:16:10,104,13.0,5.0,66.0
2022-01-01 02:17:29,105,29.0,8.0,18.0
2022-01-01 02:18:47,106,16.0,10.0,5.0
2022-01-01 02:20:06,107,17.0,34.0,10.0
2022-01-01 02:21:24,108,10.0,10.0,25.0
2022-01-01 02:22:43,109,,12.0,
2022-01-01 02:24:01,110,5.0,12.0,14.0
2022-01-01 02:25:20,111,25.0,40.0,13.0
2022-01-01 02:26:38,112,4.0,9.0,6.0
2022-01-01 02:27:57,113,27.0,5.0,8.0
2022-01-01 02:29:16,114,5.0,10.0,8.0
2022-01-01 02:30:34,115,3.0,22.0,31.0
2022-01-01 02:31:53,116,5.0,4.0,8.0
2022-01-01 02:33:11,117,6.0,6.0,78.0
2022-01-01 02:34:30,118,15.0,23.0,6.0
2022-01-01 02:35:48,119,4.0,44.0,28.0
2022-01-01 02:37:07,120,40.0,11.0,12.0
2022-01-01 02:38:26,121,28.0,29.0,14.0
2022-01-01 02:39:44,122,35.0,6.0,34.0
2022-01-01 02:41:03,123,70.0,12.0,17.0
2022-01-01 02:42:21,124,29.0,14.0,13.0
2022-01-01 02:43:40,125,4.0,5.0,37.0
2022-01-01 02:44:58,126,5.0,12.0,13.0
2022-01-01 02:46:17,127,15.0,12.0,11.0
2022-01-01 02:47:35,128,22.0,7.0,14.0
2022-01-01 02:48:54,129,11.0,32.0,39.0
2022-01-01 02:50:13,130,3.0,4.0,9.0
2022-01-01 02:51:31,131,42.0,19.0,20.0
2022-01-01 02:52:50,132,6.0,5.0,35.0
2022-01-01 02:54:08,133,18.0,5.0,17.0
2022-01-01 02:55:27,134,8.0,5.0,25.0
2022-01-01 02:56:45,135,5.0,14.0,19.0
2022-01-01 02:58:04,136,18.0,5.0,89.0
2022-01-01 02:59:23,137,14.0,14.0,4.0
2022-01-01 03:00:41,138,14.0,4.0,35.0
2022-01-01 03:02:00,139,13.0,7.0,15.0
2022-01-01 03:03:18,140,11.0,18.0,17.0
2022-01-01 03:04:37,141,27.0,7.0,34.0
2022-01-01 03:05:55,142,3.0,6.0,77.0
2022-01-01 03:07:14,143,78.0,15.0,44.0
2022-01-01 03:08:32,144,2.0,9.0,28.0
2022-01-01 03:09:51,145,9.0,20.0,20.0
2022-01-01 03:11:10,146,14.0,11.0,42.0
2022-01-01 03:12:28,147,13.0,13.0,15.0
2022-01-01 03:13:47,148,8.0,32.0,6.0
2022-01-01 03:15:05,149,8.0,4.0,25.0
2022-01-01 03:16:24,150,18.0,23.0,16.0
2022-01-01 03:17:42,151,3.0,9.0,22.0
2022-01-01 03:19:01,152,89.0,10.0,9.0
2022-01-01 03:20:20,153,19.0,10.0,19.0
2022-01-01 03:21:38,154,10.0,5.0,57.0
2022-01-01 03:22:57,155,5.0,10.0,31.0
2022-01-01 03:24:15,156,4.0,16.0,12.0
2022-01-01 03:25:34,157,67.0,26.0,8.0
2022-01-01 03:26:52,158,3.0,,24.0
2022-01-01 03:28:11,159,9.0,27.0,23.0
2022-01-01 03:29:29,160,17.0,13.0,12.0
2022-01-01 03:30:48,161,10.0,33.0,46.0
2022-01-01 03:32:07,162,12.0,13.0,11.0
2022-01-01 03:33:25,163,5.0,18.0,10.0
2022-01-01 03:34:44,164,6.0,28.0,49.0
2022-01-01 03:36:02,165,128.0,12.0,28.0
2022-01-01 03:37:21,166,10.0,37.0,34.0
2022-01-01 03:38:39,167,8.0,4.0,12.0
2022-01-01 03:39:58,168,16.0,2.0,5.0
2022-01-01 03:41:17,169,9.0,8.0,3.0
2022-01-01 03:42:35,170,5.0,7.0,4.0
2022-01-01 03:43:54,171,64.0,8.0,10.0
2022-01-01 03:45:12,172,39.0,21.0,7.0
2022-01-01 03:46:31,173,17.0,10.0,8.0
2022-01-01 03:47:49,174,55.0,5.0,5.0
2022-01-01 03:49:08,175,9.0,7.0,13.0
2022-01-01 03:50:26,176,20.0,1.0,52.0
2022-01-01 03:51:45,177,6.0,22.0,8.0
2022-01-01 03:53:04,178,6.0,5.0,16.0
2022-01-01 03:54:22,179,41.0,35.0,41.0
2022-01-01 03:55:41,180,20.0,32.0,75.0
2022-01-01 03:56:59,181,5.0,77.0,11.0
2022-01-01 03:58:18,182,10.0,32.0,18.0
2022-01-01 03:59:36,183,11.0,7.0,8.0
2022-01-01 04:00:55,184,8.0,9.0,44.0
2022-01-01 04:02:14,185,13.0,5.0,98.0
2022-01-01 04:03:32,186,37.0,21.0,8.0
2022-01-01 04:04:51,187,13.0,4.0,17.0
2022-01-01 04:06:09,188,8.0,23.0,13.0
2022-01-01 04:07:28,189,5.0,16.0,16.0
2022-01-01 04:08:46,190,14.0,,14.0
2022-01-01 04:10:05,191,67.0,16.0,31.0
2022-01-01 04:11:23,192,17.0,10.0,8.0
2022-01-01 04:12:42,193,11.0,7.0,50.0
2022-01-01 04:14:01,194,6.0,18.0,17.0
2022-01-01 04:15:19,195,10.0,40.0,5.0
2022-01-01 04:16:38,196,3.0,10.0,32.0
2022-01-01 04:17:56,197,4.0,8.0,19.0
2022-01-01 04:19:15,198,17.0,9.0,6.0
2022-01-01 04:20:33,199,20.0,8.0,12.0
2022-01-01 04:21:52,200,11.0,3.0,14.0
2022-01-01 04:23:11,201,10.0,32.0,26.0
2022-01-01 04:24:29,202,11.0,13.0,18.0
2022-01-01 04:25:48,203,7.0,13.0,22.0
2022-01-01 04:27:06,204,2.0,78.0,10.0
2022-01-01 04:28:25,205,11.0,3.0,16.0
2022-01-01 04:29:43,206,7.0,137.0,15.0
2022-01-01 04:31:02,207,3.0,18.0,17.0
2022-01-01 04:32:20,208,33.0,29.0,6.0
2022-01-01 04:33:39,209,30.0,26.0,8.0
2022-01-01 04:34:58,210,3.0,8.0,3.0
2022-01-01 04:36:16,211,58.0,15.0,6.0
2022-01-01 04:37:35,212,8.0,12.0,10.0
2022-01-01 04:38:53,213,70.0,10.0,5.0
2022-01-01 04:40:12,214,11.0,15.0,23.0
2022-01-01 04:41:30,215,3.0,10.0,22.0
2022-01-01 04:42:49,216,21.0,12.0,11.0
2022-01-01 04:44:08,217,9.0,8.0,18.0
2022-01-01 04:45:26,218,8.0,34.0,5.0
2022-01-01 04:46:45,219,11.0,17.0,14.0
2022-01-01 04:48:03,220,7.0,4.0,5.0
2022-01-01 04:49:22,221,9.0,,6.0
2022-01-01 04:50:40,222,22.0,33.0,7.0
2022-01-01 04:51:59,223,34.0,12.0,58.0
2022-01-01 04:53:17,224,10.0,72.0,116.0
2022-01-01 04:54:36,225,5.0,11.0,11.0
2022-01-01 04:55:55,226,16.0,2.0,6.0
2022-01-01 04:57:13,227,16.0,48.0,17.0
2022-01-01 04:58:32,228,4.0,39.0,27.0
2022-01-01 04:59:50,229,111.0,4.0,36.0
2022-01-01 05:01:09,230,5.0,10.0,23.0
2022-01-01 05:02:27,231,6.0,4.0,33.0
2022-01-01 05:03:46,232,10.0,77.0,4.0
2022-01-01 05:05:05,233,18.0,20.0,9.0
2022-01-01 05:06:23,234,11.0,8.0,11.0
2022-01-01 05:07:42,235,8.0,22.0,32.0
2022-01-01 05:09:00,236,9.0,10.0,3.0
2022-01-01 05:10:19,237,5.0,4.0,7.0
2022-01-01 05:11:37,238,54.0,2.0,33.0
2022-01-01 05:12:56,239,23.0,25.0,13.0
2022-01-01 05:14:14,240,19.0,8.0,6.0
2022-01-01 05:15:33,241,44.0,7.0,7.0
2022-01-01 05:16:52,242,10.0,7.0,33.0
2022-01-01 05:18:10,243,142.0,22.0,31.0
2022-01-01 05:19:29,244,34.0,9.0,8.0
2022-01-01 05:20:47,245,6.0,21.0,8.0
2022-01-01 05:22:06,246,14.0,3.0,28.0
2022-01-01 05:23:24,247,13.0,21.0,32.0
2022-01-01 05:24:43,248,29.0,6.0,7.0
2022-01-01 05:26:02,249,23.0,18.0,8.0
2022-01-01 05:27:20,250,8.0,3.0,13.0
2022-01-01 05:28:39,251,17.0,18.0,6.0
2022-01-01 05:29:57,252,8.0,31.0,18.0
2022-01-01 05:31:16,253,15.0,11.0,9.0
2022-01-01 05:32:34,254,14.0,6.0,35.0
2022-01-01 05:33:53,255,78.0,15.0,14.0
2022-01-01 05:35:11,256,8.0,11.0,37.0
2022-01-01 05:36:30,257,8.0,13.0,31.0
2022-01-01 05:37:49,258,12.0,32.0,3.0
2022-01-01 05:39:07,259,28.0,5.0,11.0
2022-01-01 05:40:26,260,31.0,8.0,13.0
2022-01-01 05:41:44,261,,4.0,
2022-01-01 05:43:03,262,4.0,17.0,8.0
2022-01-01 05:44:21,263,5.0,9.0,30.0
2022-01-01 05:45:40,264,11.0,16.0,4.0
2022-01-01 05:46:59,265,8.0,14.0,12.0
2022-01-01 05:48:17,266,4.0,44.0,11.0
2022-01-01 05:49:36,267,9.0,3.0,4.0
2022-01-01 05:50:54,268,14.0,18.0,39.0
2022-01-01 05:52:13,269,42.0,23.0,103.0
2022-01-01 05:53:31,270,17.0,18.0,25.0
2022-01-01 05:54:50,271,4.0,4.0,51.0
2022-01-01 05:56:08,272,7.0,29.0,12.0
2022-01-01 05:57:27,273,37.0,22.0,24.0
2022-01-01 05:58:46,274,10.0,48.0,8.0
2022-01-01 06:00:04,275,26.0,6.0,20.0
2022-01-01 06:01:23,276,4.0,10.0,16.0
2022-01-01 06:02:41,277,18.0,7.0,19.0
2022-01-01 06:04:00,278,114.0,34.0,94.0
2022-01-01 06:05:18,279,13.0,20.0,7.0
2022-01-01 06:06:37,280,12.0,9.0,33.0
2022-01-01 06:07:56,281,15.0,16.0,20.0
2022-01-01 06:09:14,282,12.0,4.0,13.0
2022-01-01 06:10:33,283,6.0,2.0,5.0
2022-01-01 06:11:51,284,29.0,,26.0
2022-01-01 06:13:10,285,19.0,32.0,11.0
2022-01-01 06:14:28,286,21.0,6.0,218.0
2022-01-01 06:15:47,287,28.0,13.0,5.0
2022-01-01 06:17:05,288,12.0,11.0,30.0
2022-01-01 06:18:24,289,5.0,48.0,33.0
2022-01-01 06:19:43,290,31.0,16.0,9.0
2022-01-01 06:21:01,291,15.0,30.0,105.0
2022-01-01 06:22:20,292,22.0,6.0,13.0
2022-01-01 06:23:38,293,25.0,5.0,18.0
2022-01-01 06:24:57,294,70.0,9.0,113.0
2022-01-01 06:26:15,295,11.0,19.0,6.0
2022-01-01 06:27:34,296,13.0,12.0,15.0
2022-01-01 06:28:53,297,7.0,32.0,36.0
2022-01-01 06:30:11,298,26.0,16.0,7.0
2022-01-01 06:31:30,299,25.0,86.0,34.0
2022-01-01 06:32:48,300,10.0,12.0,126.0
2022-01-01 06:34:07,301,45.0,30.0,24.0
2022-01-01 06:35:25,302,24.0,51.0,7.0
2022-01-01 06:36:44,303,9.0,10.0,2.0
2022-01-01 06:38:02,304,23.0,13.0,42.0
2022-01-01 06:39:21,305,3.0,16.0,37.0
2022-01-01 06:40:40,306,36.0,7.0,14.0
2022-01-01 06:41:58,307,17.0,31.0,29.0
2022-01-01 06:43:17,308,6.0,6.0,4.0
2022-01-01 06:44:35,309,51.0,3.0,18.0
2022-01-01 06:45:54,310,6.0,26.0,11.0
2022-01-01 06:47:12,311,85.0,75.0,7.0
2022-01-01 06:48:31,312,17.0,7.0,5.0
2022-01-01 06:49:50,313,13.0,4.0,24.0
2022-01-01 06:51:08,314,8.0,2.0,29.0
2022-01-01 06:52:27,315,47.0,6.0,23.0
2022-01-01 06:53:45,316,11.0,2.0,4.0
2022-01-01 06:55:04,317,9.0,17.0,22.0
2022-01-01 06:56:22,318,9.0,23.0,18.0
2022-01-01 06:57:41,319,31.0,17.0,8.0
2022-01-01 06:58:59,320,28.0,9.0,20.0
2022-01-01 07:00:18,321,5.0,6.0,9.0
2022-01-01 07:01:37,322,2.0,18.0,22.0
2022-01-01 07:02:55,323,10.0,5.0,10.0
2022-01-01 07:04:14,324,5.0,12.0,17.0
2022-01-01 07:05:32,325,7.0,13.0,22.0
2022-01-01 07:06:51,326,40.0,10.0,46.0
2022-01-01 07:08:09,327,9.0,8.0,11.0
2022-01-01 07:09:28,328,5.0,2.0,17.0
2022-01-01 07:10:47,329,16.0,2.0,219.0
2022-01-01 07:12:05,330,17.0,10.0,8.0
2022-01-01 07:13:24,331,6.0,102.0,13.0
2022-01-01 07:14:42,332,47.0,24.0,78.0
2022-01-01 07:16:01,333,6.0,85.0,3.0
2022-01-01 07:17:19,334,1.0,4.0,20.0
2022-01-01 07:18:38,335,10.0,22.0,25.0
2022-01-01 07:19:56,336,3.0,8.0,36.0
2022-01-01 07:21:15,337,5.0,8.0,35.0
2022-01-01 07:22:34,338,4.0,20.0,9.0
2022-01-01 07:23:52,339,9.0,9.0,10.0
2022-01-01 07:25:11,340,6.0,2.0,75.0
2022-01-01 07:26:29,341,7.0,13.0,33.0
2022-01-01 07:27:48,342,5.0,32.0,45.0
2022-01-01 07:29:06,343,60.0,10.0,15.0
2022-01-01 07:30:25,344,21.0,5.0,9.0
2022-01-01 07:31:44,345,12.0,16.0,9.0
2022-01-01 07:33:02,346,9.0,37.0,3.0
2022-01-01 07:34:21,347,4.0,14.0,46.0
2022-01-01 07:35:39,348,23.0,96.0,75.0
2022-01-01 07:36:58,349,13.0,11.0,19.0
2022-01-01 07:38:16,350,13.0,5.0,66.0
2022-01-01 07:39:35,351,9.0,13.0,14.0
2022-01-01 07:40:53,352,6.0,37.0,18.0
2022-01-01 07:42:12,353,21.0,3.0,8.0
2022-01-01 07:43:31,354,4.0,3.0,14.0
2022-01-01 07:44:49,355,68.0,11.0,7.0
2022-01-01 07:46:08,356,10.0,3.0,19.0
2022-01-01 07:47:26,357,21.0,37.0,8.0
2022-01-01 07:48:45,358,52.0,6.0,18.0
2022-01-01 07:50:03,359,10.0,9.0,62.0
2022-01-01 07:51:22,360,83.0,19.0,12.0
2022-01-01 07:52:41,361,5.0,5.0,43.0
2022-01-01 07:53:59,362,7.0,1.0,9.0
2022-01-01 07:55:18,363,12.0,12.0,22.0
2022-01-01 07:56:36,364,8.0,19.0,5.0
2022-01-01 07:57:55,365,54.0,8.0,11.0
2022-01-01 07:59:13,366,14.0,31.0,7.0
2022-01-01 08:00:32,367,8.0,4.0,10.0
2022-01-01 08:01:50,368,8.0,2.0,13.0
2022-01-01 08:03:09,369,29.0,16.0,15.0
2022-01-01 08:04:28,370,4.0,19.0,37.0
2022-01-01 08:05:46,371,5.0,5.0,56.0
2022-01-01 08:07:05,372,9.0,15.0,16.0
2022-01-01 08:08:23,373,9.0,9.0,17.0
2022-01-01 08:09:42,374,10.0,18.0,15.0
2022-01-01 08:11:00,375,11.0,13.0,45.0
2022-01-01 08:12:19,376,10.0,82.0,24.0
2022-01-01 08:13:37,377,6.0,12.0,19.0
2022-01-01 08:14:56,378,20.0,5.0,22.0
2022-01-01 08:16:15,379,12.0,2.0,58.0
2022-01-01 08:17:33,380,14.0,60.0,8.0
2022-01-01 08:18:52,381,14.0,24.0,38.0
2022-01-01 08:20:10,382,12.0,2.0,19.0
2022-01-01 08:21:29,383,32.0,6.0,22.0
2022-01-01 08:22:47,384,5.0,17.0,10.0
2022-01-01 08:24:06,385,3.0,38.0,70.0
2022-01-01 08:25:25,386,3.0,52.0,9.0
2022-01-01 08:26:43,387,10.0,4.0,58.0
2022-01-01 08:28:02,388,11.0,18.0,32.0
2022-01-01 08:29:20,389,65.0,27.0,7.0
2022-01-01 08:30:39,390,17.0,3.0,62.0
2022-01-01 08:31:57,391,32.0,34.0,45.0
2022-01-01 08:33:16,392,7.0,9.0,28.0
2022-01-01 08:34:34,393,15.0,12.0,13.0
2022-01-01 08:35:53,394,68.0,9.0,9.0
2022-01-01 08:37:12,395,15.0,,9.0
2022-01-01 08:38:30,396,8.0,6.0,42.0
2022-01-01 08:39:49,397,14.0,41.0,6.0
2022-01-01 08:41:07,398,27.0,6.0,33.0
2022-01-01 08:42:26,399,28.0,11.0,3.0
2022-01-01 08:43:44,400,40.0,25.0,9.0
2022-01-01 08:45:03,401,3.0,9.0,18.0
2022-01-01 08:46:22,402,4.0,7.0,98.0
2022-01-01 08:47:40,403,44.0,5.0,12.0
2022-01-01 08:48:59,404,26.0,12.0,7.0
2022-01-01 08:50:17,405,16.0,11.0,5.0
2022-01-01 08:51:36,406,8.0,20.0,15.0
2022-01-01 08:52:54,407,43.0,4.0,6.0
2022-01-01 08:54:13,408,14.0,23.0,16.0
2022-01-01 08:55:31,409,10.0,5.0,3.0
2022-01-01 08:56:50,410,5.0,26.0,14.0
2022-01-01 08:58:09,411,11.0,10.0,25.0
2022-01-01 08:59:27,412,9.0,4.0,15.0
2022-01-01 09:00:46,413,48.0,8.0,
2022-01-01 09:02:04,414,3.0,5.0,7.0
2022-01-01 09:03:23,415,37.0,2.0,24.0
2022-01-01 09:04:41,416,18.0,24.0,4.0
2022-01-01 09:06:00,417,9.0,11.0,15.0
2022-01-01 09:07:19,418,13.0,17.0,21.0
2022-01-01 09:08:37,419,14.0,5.0,7.0
2022-01-01 09:09:56,420,5.0,2.0,31.0
2022-01-01 09:11:14,421,5.0,15.0,4.0
2022-01-01 09:12:33,422,2.0,7.0,6.0
2022-01-01 09:13:51,423,24.0,30.0,8.0
2022-01-01 09:15:10,424,5.0,6.0,80.0
2022-01-01 09:16:28,425,12.0,11.0,53.0
2022-01-01 09:17:47,426,21.0,15.0,15.0
2022-01-01 09:19:06,427,11.0,17.0,50.0
2022-01-01 09:20:24,428,64.0,44.0,24.0
2022-01-01 09:21:43,429,2.0,13.0,4.0
2022-01-01 09:23:01,430,44.0,9.0,17.0
2022-01-01 09:24:20,431,11.0,7.0,16.0
2022-01-01 09:25:38,432,69.0,24.0,22.0
2022-01-01 09:26:57,433,2.0,5.0,26.0
2022-01-01 09:28:16,434,31.0,9.0,28.0
2022-01-01 09:29:34,435,7.0,6.0,28.0
2022-01-01 09:30:53,436,4.0,9.0,104.0
2022-01-01 09:32:11,437,13.0,6.0,5.0
2022-01-01 09:33:30,438,18.0,16.0,27.0
2022-01-01 09:34:48,439,39.0,81.0,23.0
2022-01-01 09:36:07,440,11.0,5.0,9.0
2022-01-01 09:37:25,441,6.0,7.0,4.0
2022-01-01 09:38:44,442,9.0,10.0,33.0
2022-01-01 09:40:03,443,8.0,47.0,36.0
2022-01-01 09:41:21,444,19.0,47.0,3.0
2022-01-01 09:42:40,445,17.0,41.0,25.0
2022-01-01 09:43:58,446,13.0,6.0,26.0
2022-01-01 09:45:17,447,2.0,9.0,11.0
2022-01-01 09:46:35,448,14.0,20.0,8.0
2022-01-01 09:47:54,449,19.0,24.0,27.0
2022-01-01 09:49:13,450,23.0,11.0,76.0
2022-01-01 09:50:31,451,4.0,6.0,56.0
2022-01-01 09:51:50,452,9.0,9.0,41.0
2022-01-01 09:53:08,453,14.0,17.0,43.0
2022-01-01 09:54:27,454,15.0,8.0,56.0
2022-01-01 09:55:45,455,7.0,6.0,25.0
2022-01-01 09:57:04,456,12.0,8.0,14.0
2022-01-01 09:58:22,457,13.0,21.0,45.0
2022-01-01 09:59:41,458,21.0,23.0,10.0
2022-01-01 10:01:00,459,15.0,48.0,9.0
2022-01-01 10:02:18,460,35.0,5.0,63.0
2022-01-01 10:03:37,461,28.0,9.0,21.0
2022-01-01 10:04:55,462,50.0,5.0,12.0
2022-01-01 10:06:14,463,10.0,11.0,11.0
2022-01-01 10:07:32,464,10.0,6.0,26.0
2022-01-01 10:08:51,465,55.0,7.0,9.0
2022-01-01 10:10:10,466,34.0,8.0,8.0
2022-01-01 10:11:28,467,9.0,3.0,8.0
2022-01-01 10:12:47,468,4.0,3.0,20.0
2022-01-01 10:14:05,469,14.0,14.0,15.0
2022-01-01 10:15:24,470,2.0,5.0,19.0
2022-01-01 10:16:42,471,7.0,5.0,16.0
2022-01-01 10:18:01,472,7.0,6.0,30.0
2022-01-01 10:19:19,473,30.0,6.0,8.0
2022-01-01 10:20:38,474,13.0,16.0,4.0
2022-01-01 10:21:57,475,4.0,19.0,36.0
2022-01-01 10:23:15,476,7.0,37.0,8.0
2022-01-01 10:24:34,477,5.0,5.0,5.0
2022-01-01 10:25:52,478,91.0,15.0,3.0
2022-01-01 10:27:11,479,3.0,7.0,26.0
2022-01-01 10:28:29,480,2.0,16.0,13.0
2022-01-01 10:29:48,481,4.0,5.0,9.0
2022-01-01 10:31:07,482,28.0,3.0,41.0
2022-01-01 10:32:25,483,29.0,3.0,12.0
2022-01-01 10:33:44,484,30.0,2.0,32.0
2022-01-01 10:35:02,485,62.0,21.0,11.0
2022-01-01 10:36:21,486,7.0,24.0,6.0
2022-01-01 10:37:39,487,11.0,5.0,13.0
2022-01-01 10:38:58,488,31.0,22.0,5.0
2022-01-01 10:40:16,489,8.0,3.0,5.0
2022-01-01 10:41:35,490,36.0,5.0,33.0
2022-01-01 10:42:54,491,8.0,6.0,9.0
2022-01-01 10:44:12,492,3.0,34.0,4.0
2022-01-01 10:45:31,493,14.0,15.0,25.0
2022-01-01 10:46:49,494,13.0,37.0,16.0
2022-01-01 10:48:08,495,30.0,25.0,61.0
2022-01-01 10:49:26,496,18.0,13.0,46.0
2022-01-01 10:50:45,497,5.0,37.0,8.0
2022-01-01 10:52:04,498,8.0,13.0,2.0
2022-01-01 10:53:22,499,6.0,9.0,61.0
2022-01-01 10:54:41,500,18.0,3.0,12.0
2022-01-01 10:55:59,501,73.0,8.0,2.0
2022-01-01 10:57:18,502,19.0,6.0,8.0
2022-01-01 10:58:36,503,31.0,4.0,11.0
2022-01-01 10:59:55,504,7.0,7.0,12.0
2022-01-01 11:01:13,505,20.0,116.0,9.0
2022-01-01 11:02:32,506,22.0,21.0,11.0
2022-01-01 11:03:51,507,6.0,2.0,8.0
2022-01-01 11:05:09,508,40.0,22.0,57.0
2022-01-01 11:06:28,509,33.0,6.0,21.0
2022-01-01 11:07:46,510,29.0,42.0,21.0
2022-01-01 11:09:05,511,10.0,3.0,48.0
2022-01-01 11:10:23,512,9.0,1.0,86.0
2022-01-01 11:11:42,513,8.0,6.0,7.0
2022-01-01 11:13:01,514,5.0,4.0,11.0
2022-01-01 11:14:19,515,5.0,8.0,49.0
2022-01-01 11:15:38,516,3.0,7.0,21.0
2022-01-01 11:16:56,517,7.0,14.0,16.0
2022-01-01 11:18:15,518,43.0,22.0,14.0
2022-01-01 11:19:33,519,35.0,84.0,32.0
2022-01-01 11:20:52,520,12.0,12.0,28.0
2022-01-01 11:22:10,521,4.0,8.0,53.0
2022-01-01 11:23:29,522,7.0,21.0,13.0
2022-01-01 11:24:48,523,11.0,10.0,29.0
2022-01-01 11:26:06,524,25.0,12.0,13.0
2022-01-01 11:27:25,525,16.0,13.0,17.0
2022-01-01 11:28:43,526,8.0,14.0,22.0
2022-01-01 11:30:02,527,36.0,4.0,7.0
2022-01-01 11:31:20,528,2.0,6.0,5.0
2022-01-01 11:32:39,529,2.0,41.0,6.0
2022-01-01 11:33:58,530,29.0,5.0,9.0
2022-01-01 11:35:16,531,20.0,78.0,8.0
2022-01-01 11:36:35,532,5.0,6.0,39.0
2022-01-01 11:37:53,533,21.0,9.0,8.0
2022-01-01 11:39:12,534,6.0,7.0,35.0
2022-01-01 11:40:30,535,16.0,98.0,11.0
2022-01-01 11:41:49,536,71.0,32.0,24.0
2022-01-01 11:43:07,537,4.0,69.0,50.0
2022-01-01 11:44:26,538,28.0,13.0,41.0
2022-01-01 11:45:45,539,2.0,10.0,48.0
2022-01-01 11:47:03,540,7.0,28.0,22.0
2022-01-01 11:48:22,541,8.0,40.0,48.0
2022-01-01 11:49:40,542,28.0,4.0,7.0
2022-01-01 11:50:59,543,6.0,14.0,34.0
2022-01-01 11:52:17,544,11.0,10.0,44.0
2022-01-01 11:53:36,545,2.0,7.0,28.0
2022-01-01 11:54:55,546,4.0,15.0,7.0
2022-01-01 11:56:13,547,17.0,19.0,24.0
2022-01-01 11:57:32,548,2.0,5.0,17.0
2022-01-01 11:58:50,549,9.0,4.0,21.0
2022-01-01 12:00:09,550,7.0,12.0,22.0
2022-01-01 12:01:27,551,13.0,6.0,82.0
2022-01-01 12:02:46,552,15.0,5.0,27.0
2022-01-01 12:04:04,553,13.0,9.0,3.0
2022-01-01 12:05:23,554,7.0,4.0,16.0
2022-01-01 12:06:42,555,19.0,7.0,39.0
2022-01-01 12:08:00,556,18.0,19.0,5.0
2022-01-01 12:09:19,557,21.0,9.0,32.0
2022-01-01 12:10:37,558,12.0,4.0,35.0
2022-01-01 12:11:56,559,20.0,6.0,25.0
2022-01-01 12:13:14,560,14.0,4.0,3.0
2022-01-01 12:14:33,561,14.0,15.0,17.0
2022-01-01 12:15:52,562,3.0,17.0,3.0
2022-01-01 12:17:10,563,6.0,4.0,28.0
2022-01-01 12:18:29,564,21.0,15.0,24.0
2022-01-01 12:19:47,565,14.0,12.0,16.0
2022-01-01 12:21:06,566,12.0,6.0,26.0
2022-01-01 12:22:24,567,4.0,14.0,17.0
2022-01-01 12:23:43,568,3.0,15.0,8.0
2022-01-01 12:25:01,569,19.0,6.0,16.0
2022-01-01 12:26:20,570,12.0,13.0,20.0
2022-01-01 12:27:39,571,26.0,39.0,19.0
2022-01-01 12:28:57,572,22.0,9.0,21.0
2022-01-01 12:30:16,573,7.0,13.0,8.0
2022-01-01 12:31:34,574,18.0,6.0,8.0
2022-01-01 12:32:53,575,26.0,20.0,7.0
2022-01-01 12:34:11,576,11.0,14.0,50.0
2022-01-01 12:35:30,577,45.0,20.0,20.0
2022-01-01 12:36:49,578,16.0,14.0,13.0
2022-01-01 12:38:07,579,22.0,4.0,15.0
2022-01-01 12:39:26,580,13.0,3.0,10.0
2022-01-01 12:40:44,581,25.0,19.0,8.0
2022-01-01 12:42:03,582,4.0,7.0,122.0
2022-01-01 12:43:21,583,87.0,11.0,10.0
2022-01-01 12:44:40,584,11.0,18.0,11.0
2022-01-01 12:45:58,585,25.0,13.0,74.0
2022-01-01 12:47:17,586,6.0,20.0,22.0
2022-01-01 12:48:36,587,16.0,39.0,11.0
2022-01-01 12:49:54,588,20.0,54.0,28.0
2022-01-01 12:51:13,589,13.0,3.0,11.0
2022-01-01 12:52:31,590,29.0,6.0,15.0
2022-01-01 12:53:50,591,20.0,,6.0
2022-01-01 12:55:08,592,6.0,2.0,15.0
2022-01-01 12:56:27,593,19.0,27.0,14.0
2022-01-01 12:57:46,594,3.0,13.0,2.0
2022-01-01 12:59:04,595,5.0,3.0,3.0
2022-01-01 13:00:23,596,33.0,18.0,4.0
2022-01-01 13:01:41,597,49.0,2.0,6.0
2022-01-01 13:03:00,598,16.0,9.0,12.0
2022-01-01 13:04:18,599,15.0,3.0,63.0
2022-01-01 13:05:37,600,12.0,25.0,42.0
2022-01-01 13:06:55,601,6.0,3.0,21.0
2022-01-01 13:08:14,602,86.0,27.0,11.0
2022-01-01 13:09:33,603,35.0,4.0,22.0
2022-01-01 13:10:51,604,65.0,6.0,21.0
2022-01-01 13:12:10,605,104.0,20.0,16.0
2022-01-01 13:13:28,606,14.0,53.0,43.0
2022-01-01 13:14:47,607,6.0,11.0,28.0
2022-01-01 13:16:05,608,3.0,10.0,20.0
2022-01-01 13:17:24,609,5.0,17.0,28.0
2022-01-01 13:18:43,610,15.0,37.0,4.0
2022-01-01 13:20:01,611,10.0,11.0,4.0
2022-01-01 13:21:20,612,13.0,70.0,12.0
2022-01-01 13:22:38,613,9.0,8.0,57.0
2022-01-01 13:23:57,614,9.0,71.0,28.0
2022-01-01 13:25:15,615,9.0,5.0,6.0
2022-01-01 13:26:34,616,10.0,12.0,25.0
2022-01-01 13:27:52,617,5.0,4.0,7.0
2022-01-01 13:29:11,618,5.0,4.0,19.0
2022-01-01 13:30:30,619,12.0,7.0,63.0
2022-01-01 13:31:48,620,6.0,10.0,10.0
2022-01-01 13:33:07,621,15.0,7.0,19.0
2022-01-01 13:34:25,622,36.0,8.0,8.0
2022-01-01 13:35:44,623,17.0,15.0,12.0
2022-01-01 13:37:02,624,14.0,18.0,8.0
2022-01-01 13:38:21,625,23.0,5.0,44.0
2022-01-01 13:39:40,626,2.0,10.0,12.0
2022-01-01 13:40:58,627,23.0,44.0,22.0
2022-01-01 13:42:17,628,,4.0,
2022-01-01 13:43:35,629,17.0,2.0,62.0
2022-01-01 13:44:54,630,12.0,10.0,18.0
2022-01-01 13:46:12,631,15.0,6.0,13.0
2022-01-01 13:47:31,632,5.0,11.0,9.0
2022-01-01 13:48:49,633,11.0,8.0,26.0
2022-01-01 13:50:08,634,4.0,4.0,6.0
2022-01-01 13:51:27,635,40.0,96.0,4.0
2022-01-01 13:52:45,636,4.0,8.0,18.0
2022-01-01 13:54:04,637,26.0,22.0,29.0
2022-01-01 13:55:22,638,29.0,23.0,36.0
2022-01-01 13:56:41,639,6.0,15.0,14.0
2022-01-01 13:57:59,640,11.0,6.0,8.0
2022-01-01 13:59:18,641,5.0,9.0,4.0
2022-01-01 14:00:37,642,38.0,7.0,20.0
2022-01-01 14:01:55,643,6.0,47.0,14.0
2022-01-01 14:03:14,644,12.0,3.0,21.0
2022-01-01 14:04:32,645,18.0,18.0,12.0
2022-01-01 14:05:51,646,16.0,15.0,9.0
2022-01-01 14:07:09,647,10.0,15.0,8.0
2022-01-01 14:08:28,648,7.0,12.0,7.0
2022-01-01 14:09:46,649,4.0,7.0,18.0
2022-01-01 14:11:05,650,8.0,9.0,105.0
2022-01-01 14:12:24,651,59.0,26.0,45.0
2022-01-01 14:13:42,652,5.0,23.0,7.0
2022-01-01 14:15:01,653,3.0,25.0,12.0
2022-01-01 14:16:19,654,13.0,6.0,5.0
2022-01-01 14:17:38,655,7.0,7.0,11.0
2022-01-01 14:18:56,656,9.0,11.0,24.0
2022-01-01 14:20:15,657,20.0,17.0,14.0
2022-01-01 14:21:34,658,31.0,23.0,8.0
2022-01-01 14:22:52,659,19.0,15.0,11.0
2022-01-01 14:24:11,660,7.0,21.0,11.0
2022-01-01 14:25:29,661,58.0,8.0,9.0
2022-01-01 14:26:48,662,4.0,57.0,4.0
2022-01-01 14:28:06,663,9.0,52.0,7.0
2022-01-01 14:29:25,664,5.0,10.0,3.0
2022-01-01 14:30:43,665,8.0,18.0,9.0
2022-01-01 14:32:02,666,11.0,4.0,13.0
2022-01-01 14:33:21,667,58.0,9.0,6.0
2022-01-01 14:34:39,668,8.0,14.0,17.0
2022-01-01 14:35:58,669,4.0,12.0,15.0
2022-01-01 14:37:16,670,11.0,14.0,64.0
2022-01-01 14:38:35,671,14.0,31.0,9.0
2022-01-01 14:39:53,672,3.0,26.0,23.0
2022-01-01 14:41:12,673,11.0,4.0,12.0
2022-01-01 14:42:31,674,5.0,36.0,5.0
2022-01-01 14:43:49,675,7.0,5.0,10.0
2022-01-01 14:45:08,676,2.0,11.0,15.0
2022-01-01 14:46:26,677,15.0,17.0,86.0
2022-01-01 14:47:45,678,8.0,3.0,3.0
2022-01-01 14:49:03,679,15.0,8.0,26.0
2022-01-01 14:50:22,680,7.0,22.0,17.0
2022-01-01 14:51:40,681,38.0,21.0,55.0
2022-01-01 14:52:59,682,6.0,6.0,11.0
2022-01-01 14:54:18,683,5.0,6.0,50.0
2022-01-01 14:55:36,684,30.0,22.0,6.0
2022-01-01 14:56:55,685,9.0,17.0,51.0
2022-01-01 14:58:13,686,5.0,10.0,76.0
2022-01-01 14:59:32,687,15.0,10.0,10.0
2022-01-01 15:00:50,688,5.0,26.0,66.0
2022-01-01 15:02:09,689,10.0,3.0,24.0
2022-01-01 15:03:28,690,35.0,52.0,19.0
2022-01-01 15:04:46,691,21.0,21.0,7.0
2022-01-01 15:06:05,692,53.0,10.0,7.0
2022-01-01 15:07:23,693,9.0,17.0,31.0
2022-01-01 15:08:42,694,65.0,11.0,7.0
2022-01-01 15:10:00,695,17.0,4.0,18.0
2022-01-01 15:11:19,696,8.0,8.0,13.0
2022-01-01 15:12:37,697,17.0,12.0,184.0
2022-01-01 15:13:56,698,39.0,14.0,33.0
2022-01-01 15:15:15,699,3.0,25.0,7.0
2022-01-01 15:16:33,700,13.0,44.0,21.0
2022-01-01 15:17:52,701,26.0,2.0,30.0
2022-01-01 15:19:10,702,27.0,14.0,22.0
2022-01-01 15:20:29,703,41.0,12.0,14.0
2022-01-01 15:21:47,704,30.0,4.0,15.0
2022-01-01 15:23:06,705,31.0,8.0,8.0
2022-01-01 15:24:25,706,7.0,6.0,23.0
2022-01-01 15:25:43,707,18.0,6.0,11.0
2022-01-01 15:27:02,708,35.0,1.0,6.0
2022-01-01 15:28:20,709,23.0,20.0,43.0
2022-01-01 15:29:39,710,9.0,18.0,28.0
2022-01-01 15:30:57,711,4.0,34.0,4.0
2022-01-01 15:32:16,712,7.0,5.0,22.0
2022-01-01 15:33:34,713,2.0,6.0,15.0
2022-01-01 15:34:53,714,15.0,14.0,10.0
2022-01-01 15:36:12,715,4.0,31.0,7.0
2022-01-01 15:37:30,716,78.0,11.0,32.0
2022-01-01 15:38:49,717,12.0,4.0,2.0
2022-01-01 15:40:07,718,11.0,14.0,25.0
2022-01-01 15:41:26,719,25.0,88.0,22.0
2022-01-01 15:42:44,720,7.0,24.0,5.0
2022-01-01 15:44:03,721,11.0,3.0,4.0
2022-01-01 15:45:22,722,20.0,29.0,32.0
2022-01-01 15:46:40,723,7.0,4.0,27.0
2022-01-01 15:47:59,724,7.0,16.0,20.0
2022-01-01 15:49:17,725,49.0,22.0,33.0
2022-01-01 15:50:36,726,25.0,34.0,49.0
2022-01-01 15:51:54,727,2.0,10.0,20.0
2022-01-01 15:53:13,728,44.0,7.0,42.0
2022-01-01 15:54:31,729,12.0,14.0,16.0
2022-01-01 15:55:50,730,5.0,5.0,11.0
2022-01-01 15:57:09,731,5.0,5.0,6.0
2022-01-01 15:58:27,732,4.0,2.0,14.0
2022-01-01 15:59:46,733,13.0,17.0,26.0
2022-01-01 16:01:04,734,97.0,10.0,77.0
2022-01-01 16:02:23,735,8.0,4.0,15.0
2022-01-01 16:03:41,736,7.0,47.0,12.0
2022-01-01 16:05:00,737,38.0,10.0,29.0
2022-01-01 16:06:18,738,17.0,11.0,11.0
2022-01-01 16:07:37,739,6.0,6.0,5.0
2022-01-01 16:08:56,740,29.0,4.0,78.0
2022-01-01 16:10:14,741,10.0,34.0,23.0
2022-01-01 16:11:33,742,4.0,10.0,66.0
2022-01-01 16:12:51,743,2.0,10.0,23.0
2022-01-01 16:14:10,744,15.0,16.0,11.0
2022-01-01 16:15:28,745,4.0,4.0,22.0
2022-01-01 16:16:47,746,62.0,,25.0
2022-01-01 16:18:06,747,3.0,13.0,25.0
2022-01-01 16:19:24,748,10.0,6.0,25.0
2022-01-01 16:20:43,749,4.0,5.0,11.0
2022-01-01 16:22:01,750,5.0,19.0,22.0
2022-01-01 16:23:20,751,2.0,6.0,5.0
2022-01-01 16:24:38,752,64.0,20.0,12.0
2022-01-01 16:25:57,753,18.0,8.0,18.0
2022-01-01 16:27:15,754,10.0,10.0,28.0
2022-01-01 16:28:34,755,2.0,5.0,16.0
2022-01-01 16:29:53,756,6.0,12.0,16.0
2022-01-01 16:31:11,757,38.0,9.0,25.0
2022-01-01 16:32:30,758,25.0,13.0,15.0
2022-01-01 16:33:48,759,18.0,22.0,4.0
2022-01-01 16:35:07,760,51.0,17.0,18.0
2022-01-01 16:36:25,761,10.0,14.0,35.0
2022-01-01 16:37:44,762,3.0,36.0,28.0
2022-01-01 16:39:03,763,5.0,14.0,39.0
2022-01-01 16:40:21,764,14.0,3.0,7.0
2022-01-01 16:41:40,765,30.0,2.0,272.0
2022-01-01 16:42:58,766,10.0,10.0,4.0
2022-01-01 16:44:17,767,10.0,4.0,68.0
2022-01-01 16:45:35,768,39.0,6.0,45.0
2022-01-01 16:46:54,769,39.0,5.0,17.0
2022-01-01 16:48:12,770,23.0,5.0,61.0
2022-01-01 16:49:31,771,18.0,7.0,8.0
2022-01-01 16:50:50,772,16.0,15.0,20.0
2022-01-01 16:52:08,773,7.0,16.0,42.0
2022-01-01 16:53:27,774,30.0,6.0,16.0
2022-01-01 16:54:45,775,22.0,6.0,55.0
2022-01-01 16:56:04,776,6.0,31.0,6.0
2022-01-01 16:57:22,777,39.0,10.0,14.0
2022-01-01 16:58:41,778,6.0,19.0,35.0
2022-01-01 17:00:00,779,4.0,6.0,28.0
2022-01-01 17:01:18,780,8.0,11.0,10.0
2022-01-01 17:02:37,781,9.0,17.0,22.0
2022-01-01 17:03:55,782,11.0,4.0,22.0
2022-01-01 17:05:14,783,22.0,23.0,10.0
2022-01-01 17:06:32,784,7.0,90.0,56.0
2022-01-01 17:07:51,785,19.0,5.0,51.0
2022-01-01 17:09:09,786,50.0,9.0,11.0
2022-01-01 17:10:28,787,7.0,10.0,10.0
2022-01-01 17:11:47,788,26.0,16.0,8.0
2022-01-01 17:13:05,789,15.0,18.0,104.0
2022-01-01 17:14:24,790,20.0,11.0,9.0
2022-01-01 17:15:42,791,26.0,12.0,27.0
2022-01-01 17:17:01,792,9.0,26.0,8.0
2022-01-01 17:18:19,793,12.0,4.0,74.0
2022-01-01 17:19:38,794,40.0,4.0,89.0
2022-01-01 17:20:57,795,6.0,5.0,11.0
2022-01-01 17:22:15,796,9.0,10.0,101.0
2022-01-01 17:23:34,797,110.0,6.0,22.0
2022-01-01 17:24:52,798,8.0,6.0,20.0
2022-01-01 17:26:11,799,11.0,21.0,6.0
2022-01-01 17:27:29,800,13.0,13.0,8.0
2022-01-01 17:28:48,801,5.0,8.0,32.0
2022-01-01 17:30:06,802,5.0,12.0,15.0
2022-01-01 17:31:25,803,34.0,11.0,2.0
2022-01-01 17:32:44,804,31.0,12.0,22.0
2022-01-01 17:34:02,805,22.0,7.0,15.0
2022-01-01 17:35:21,806,25.0,48.0,9.0
2022-01-01 17:36:39,807,27.0,8.0,37.0
2022-01-01 17:37:58,808,14.0,8.0,22.0
2022-01-01 17:39:16,809,9.0,10.0,4.0
2022-01-01 17:40:35,810,8.0,27.0,3.0
2022-01-01 17:41:54,811,14.0,30.0,10.0
2022-01-01 17:43:12,812,10.0,15.0,24.0
2022-01-01 17:44:31,813,29.0,12.0,22.0
2022-01-01 17:45:49,814,37.0,5.0,21.0
2022-01-01 17:47:08,815,4.0,78.0,72.0
2022-01-01 17:48:26,816,28.0,61.0,17.0
2022-01-01 17:49:45,817,10.0,18.0,23.0
2022-01-01 17:51:03,818,3.0,2.0,7.0
2022-01-01 17:52:22,819,19.0,12.0,2.0
2022-01-01 17:53:41,820,13.0,13.0,6.0
2022-01-01 17:54:59,821,42.0,8.0,16.0
2022-01-01 17:56:18,822,17.0,7.0,6.0
2022-01-01 17:57:36,823,22.0,18.0,15.0
2022-01-01 17:58:55,824,7.0,9.0,7.0
2022-01-01 18:00:13,825,32.0,19.0,14.0
2022-01-01 18:01:32,826,13.0,4.0,20.0
2022-01-01 18:02:51,827,1.0,44.0,4.0
2022-01-01 18:04:09,828,12.0,13.0,37.0
2022-01-01 18:05:28,829,28.0,18.0,4.0
2022-01-01 18:06:46,830,60.0,4.0,29.0
2022-01-01 18:08:05,831,19.0,13.0,14.0
2022-01-01 18:09:23,832,26.0,5.0,24.0
2022-01-01 18:10:42,833,6.0,6.0,26.0
2022-01-01 18:12:00,834,,72.0,
2022-01-01 18:13:19,835,2.0,8.0,35.0
2022-01-01 18:14:38,836,9.0,39.0,32.0
2022-01-01 18:15:56,837,10.0,43.0,50.0
2022-01-01 18:17:15,838,97.0,5.0,17.0
2022-01-01 18:18:33,839,4.0,6.0,17.0
2022-01-01 18:19:52,840,9.0,13.0,9.0
2022-01-01 18:21:10,841,31.0,9.0,54.0
2022-01-01 18:22:29,842,26.0,26.0,4.0
2022-01-01 18:23:48,843,24.0,17.0,5.0
2022-01-01 18:25:06,844,10.0,5.0,1.0
2022-01-01 18:26:25,845,11.0,6.0,41.0
2022-01-01 18:27:43,846,16.0,10.0,12.0
2022-01-01 18:29:02,847,17.0,12.0,19.0
2022-01-01 18:30:20,848,25.0,,11.0
2022-01-01 18:31:39,849,15.0,17.0,149.0
2022-01-01 18:32:57,850,19.0,23.0,6.0
2022-01-01 18:34:16,851,22.0,11.0,4.0
2022-01-01 18:35:35,852,5.0,12.0,21.0
2022-01-01 18:36:53,853,19.0,10.0,16.0
2022-01-01 18:38:12,854,31.0,26.0,2.0
2022-01-01 18:39:30,855,139.0,29.0,48.0
2022-01-01 18:40:49,856,21.0,18.0,16.0
2022-01-01 18:42:07,857,4.0,63.0,9.0
2022-01-01 18:43:26,858,9.0,81.0,4.0
2022-01-01 18:44:45,859,16.0,7.0,17.0
2022-01-01 18:46:03,860,5.0,,76.0
2022-01-01 18:47:22,861,9.0,6.0,27.0
2022-01-01 18:48:40,862,19.0,3.0,29.0
2022-01-01 18:49:59,863,4.0,33.0,20.0
2022-01-01 18:51:17,864,20.0,5.0,19.0
2022-01-01 18:52:36,865,16.0,20.0,20.0
2022-01-01 18:53:54,866,8.0,16.0,17.0
2022-01-01 18:55:13,867,29.0,25.0,6.0
2022-01-01 18:56:32,868,8.0,35.0,12.0
2022-01-01 18:57:50,869,24.0,6.0,11.0
2022-01-01 18:59:09,870,15.0,2.0,25.0
2022-01-01 19:00:27,871,49.0,26.0,19.0
2022-01-01 19:01:46,872,20.0,11.0,10.0
2022-01-01 19:03:04,873,3.0,3.0,25.0
2022-01-01 19:04:23,874,40.0,3.0,16.0
2022-01-01 19:05:42,875,9.0,49.0,57.0
2022-01-01 19:07:00,876,11.0,3.0,10.0
2022-01-01 19:08:19,877,4.0,6.0,26.0
2022-01-01 19:09:37,878,14.0,10.0,6.0
2022-01-01 19:10:56,879,25.0,9.0,44.0
2022-01-01 19:12:14,880,2.0,4.0,121.0
2022-01-01 19:13:33,881,22.0,12.0,10.0
2022-01-01 19:14:51,882,7.0,7.0,9.0
2022-01-01 19:16:10,883,6.0,12.0,23.0
2022-01-01 19:17:29,884,9.0,65.0,22.0
2022-01-01 19:18:47,885,5.0,108.0,9.0
2022-01-01 19:20:06,886,13.0,21.0,49.0
2022-01-01 19:21:24,887,7.0,16.0,32.0
2022-01-01 19:22:43,888,73.0,4.0,30.0
2022-01-01 19:24:01,889,17.0,7.0,21.0
2022-01-01 19:25:20,890,28.0,8.0,13.0
2022-01-01 19:26:39,891,7.0,41.0,10.0
2022-01-01 19:27:57,892,84.0,27.0,20.0
2022-01-01 19:29:16,893,13.0,5.0,15.0
2022-01-01 19:30:34,894,14.0,10.0,5.0
2022-01-01 19:31:53,895,25.0,11.0,25.0
2022-01-01 19:33:11,896,4.0,10.0,17.0
2022-01-01 19:34:30,897,7.0,18.0,10.0
2022-01-01 19:35:48,898,3.0,11.0,92.0
2022-01-01 19:37:07,899,35.0,10.0,12.0
2022-01-01 19:38:26,900,23.0,2.0,7.0
2022-01-01 19:39:44,901,6.0,4.0,25.0
2022-01-01 19:41:03,902,32.0,12.0,35.0
2022-01-01 19:42:21,903,13.0,12.0,49.0
2022-01-01 19:43:40,904,11.0,2.0,17.0
2022-01-01 19:44:58,905,13.0,20.0,8.0
2022-01-01 19:46:17,906,6.0,4.0,27.0
2022-01-01 19:47:36,907,10.0,4.0,8.0
2022-01-01 19:48:54,908,7.0,7.0,18.0
2022-01-01 19:50:13,909,18.0,11.0,22.0
2022-01-01 19:51:31,910,11.0,14.0,12.0
2022-01-01 19:52:50,911,23.0,12.0,9.0
2022-01-01 19:54:08,912,3.0,6.0,23.0
2022-01-01 19:55:27,913,12.0,12.0,15.0
2022-01-01 19:56:45,914,17.0,12.0,9.0
2022-01-01 19:58:04,915,43.0,14.0,9.0
2022-01-01 19:59:23,916,15.0,8.0,11.0
2022-01-01 20:00:41,917,14.0,4.0,5.0
2022-01-01 20:02:00,918,9.0,14.0,66.0
2022-01-01 20:03:18,919,21.0,18.0,10.0
2022-01-01 20:04:37,920,12.0,3.0,34.0
2022-01-01 20:05:55,921,44.0,11.0,37.0
2022-01-01 20:07:14,922,30.0,19.0,20.0
2022-01-01 20:08:33,923,13.0,14.0,11.0
2022-01-01 20:09:51,924,26.0,6.0,32.0
2022-01-01 20:11:10,925,40.0,5.0,6.0
2022-01-01 20:12:28,926,4.0,7.0,15.0
2022-01-01 20:13:47,927,13.0,45.0,53.0
2022-01-01 20:15:05,928,12.0,5.0,24.0
2022-01-01 20:16:24,929,19.0,19.0,24.0
2022-01-01 20:17:42,930,5.0,18.0,14.0
2022-01-01 20:19:01,931,10.0,11.0,14.0
2022-01-01 20:20:20,932,15.0,7.0,3.0
2022-01-01 20:21:38,933,33.0,18.0,44.0
2022-01-01 20:22:57,934,45.0,12.0,68.0
2022-01-01 20:24:15,935,14.0,22.0,53.0
2022-01-01 20:25:34,936,59.0,5.0,24.0
2022-01-01 20:26:52,937,5.0,7.0,4.0
2022-01-01 20:28:11,938,9.0,10.0,15.0
2022-01-01 20:29:30,939,3.0,2.0,6.0
2022-01-01 20:30:48,940,14.0,5.0,11.0
2022-01-01 20:32:07,941,4.0,15.0,8.0
2022-01-01 20:33:25,942,28.0,123.0,59.0
2022-01-01 20:34:44,943,14.0,10.0,7.0
2022-01-01 20:36:02,944,16.0,47.0,6.0
2022-01-01 20:37:21,945,2.0,12.0,27.0
2022-01-01 20:38:39,946,6.0,15.0,30.0
2022-01-01 20:39:58,947,230.0,6.0,17.0
2022-01-01 20:41:17,948,4.0,7.0,44.0
2022-01-01 20:42:35,949,18.0,6.0,48.0
2022-01-01 20:43:54,950,14.0,31.0,27.0
2022-01-01 20:45:12,951,9.0,2.0,10.0
2022-01-01 20:46:31,952,2.0,12.0,9.0
2022-01-01 20:47:49,953,51.0,4.0,8.0
2022-01-01 20:49:08,954,13.0,14.0,5.0
2022-01-01 20:50:27,955,16.0,16.0,21.0
2022-01-01 20:51:45,956,2.0,6.0,9.0
2022-01-01 20:53:04,957,43.0,16.0,13.0
2022-01-01 20:54:22,958,2.0,10.0,25.0
2022-01-01 20:55:41,959,11.0,11.0,5.0
2022-01-01 20:56:59,960,3.0,10.0,20.0
2022-01-01 20:58:18,961,24.0,11.0,118.0
2022-01-01 20:59:36,962,13.0,11.0,5.0
2022-01-01 21:00:55,963,2.0,3.0,89.0
2022-01-01 21:02:14,964,23.0,5.0,14.0
2022-01-01 21:03:32,965,33.0,26.0,28.0
2022-01-01 21:04:51,966,39.0,7.0,8.0
2022-01-01 21:06:09,967,9.0,30.0,20.0
2022-01-01 21:07:28,968,9.0,13.0,11.0
2022-01-01 21:08:46,969,5.0,6.0,15.0
2022-01-01 21:10:05,970,57.0,19.0,14.0
2022-01-01 21:11:24,971,5.0,12.0,102.0
2022-01-01 21:12:42,972,3.0,4.0,9.0
2022-01-01 21:14:01,973,4.0,20.0,6.0
2022-01-01 21:15:19,974,24.0,11.0,4.0
2022-01-01 21:16:38,975,19.0,32.0,38.0
2022-01-01 21:17:56,976,12.0,24.0,11.0
2022-01-01 21:19:15,977,54.0,9.0,3.0
2022-01-01 21:20:33,978,22.0,16.0,9.0
2022-01-01 21:21:52,979,21.0,21.0,12.0
2022-01-01 21:23:11,980,20.0,23.0,9.0
2022-01-01 21:24:29,981,9.0,7.0,45.0
2022-01-01 21:25:48,982,8.0,4.0,7.0
2022-01-01 21:27:06,983,9.0,18.0,46.0
2022-01-01 21:28:25,984,6.0,8.0,15.0
2022-01-01 21:29:43,985,6.0,11.0,9.0
2022-01-01 21:31:02,986,36.0,29.0,28.0
2022-01-01 21:32:21,987,6.0,5.0,21.0
2022-01-01 21:33:39,988,23.0,12.0,8.0
2022-01-01 21:34:58,989,3.0,24.0,143.0
2022-01-01 21:36:16,990,4.0,8.0,14.0
2022-01-01 21:37:35,991,9.0,12.0,41.0
2022-01-01 21:38:53,992,14.0,36.0,2.0
2022-01-01 21:40:12,993,7.0,11.0,3.0
2022-01-01 21:41:30,994,12.0,7.0,15.0
2022-01-01 21:42:49,995,9.0,5.0,47.0
2022-01-01 21:44:08,996,9.0,22.0,8.0
2022-01-01 21:45:26,997,7.0,16.0,7.0
2022-01-01 21:46:45,998,25.0,16.0,54.0
2022-01-01 21:48:03,999,8.0,27.0,10.0
2022-01-01 21:49:22,1000,5.0,27.0,22.0
2022-01-01 21:50:40,1001,6.0,4.0,103.0
2022-01-01 21:51:59,1002,19.0,14.0,30.0
2022-01-01 21:53:18,1003,27.0,34.0,5.0
2022-01-01 21:54:36,1004,13.0,5.0,12.0
2022-01-01 21:55:55,1005,7.0,41.0,15.0
2022-01-01 21:57:13,1006,43.0,9.0,8.0
2022-01-01 21:58:32,1007,24.0,7.0,21.0
2022-01-01 21:59:50,1008,19.0,27.0,14.0
2022-01-01 22:01:09,1009,20.0,4.0,9.0
2022-01-01 22:02:27,1010,21.0,24.0,9.0
2022-01-01 22:03:46,1011,34.0,4.0,9.0
2022-01-01 22:05:05,1012,31.0,6.0,4.0
2022-01-01 22:06:23,1013,6.0,2.0,11.0
2022-01-01 22:07:42,1014,17.0,2.0,7.0
2022-01-01 22:09:00,1015,5.0,8.0,88.0
2022-01-01 22:10:19,1016,19.0,13.0,7.0
2022-01-01 22:11:37,1017,4.0,19.0,24.0
2022-01-01 22:12:56,1018,12.0,16.0,13.0
2022-01-01 22:14:15,1019,14.0,30.0,9.0
2022-01-01 22:15:33,1020,5.0,6.0,17.0
2022-01-01 22:16:52,1021,21.0,16.0,152.0
2022-01-01 22:18:10,1022,38.0,8.0,56.0
2022-01-01 22:19:29,1023,23.0,25.0,23.0
2022-01-01 22:20:47,1024,12.0,3.0,26.0
2022-01-01 22:22:06,1025,19.0,77.0,19.0
2022-01-01 22:23:24,1026,7.0,24.0,14.0
2022-01-01 22:24:43,1027,15.0,3.0,15.0
2022-01-01 22:26:02,1028,224.0,6.0,28.0
2022-01-01 22:27:20,1029,25.0,3.0,62.0
2022-01-01 22:28:39,1030,40.0,24.0,95.0
2022-01-01 22:29:57,1031,16.0,5.0,8.0
2022-01-01 22:31:16,1032,4.0,11.0,19.0
2022-01-01 22:32:34,1033,59.0,34.0,4.0
2022-01-01 22:33:53,1034,7.0,21.0,8.0
2022-01-01 22:35:12,1035,21.0,13.0,13.0
2022-01-01 22:36:30,1036,9.0,5.0,8.0
2022-01-01 22:37:49,1037,11.0,23.0,27.0
2022-01-01 22:39:07,1038,11.0,15.0,10.0
2022-01-01 22:40:26,1039,13.0,11.0,5.0
2022-01-01 22:41:44,1040,23.0,10.0,10.0
2022-01-01 22:43:03,1041,6.0,6.0,8.0
2022-01-01 22:44:21,1042,15.0,29.0,9.0
2022-01-01 22:45:40,1043,3.0,6.0,15.0
2022-01-01 22:46:59,1044,15.0,21.0,71.0
2022-01-01 22:48:17,1045,10.0,4.0,6.0
2022-01-01 22:49:36,1046,5.0,12.0,12.0
2022-01-01 22:50:54,1047,8.0,33.0,8.0
2022-01-01 22:52:13,1048,16.0,3.0,21.0
2022-01-01 22:53:31,1049,22.0,6.0,6.0
2022-01-01 22:54:50,1050,33.0,11.0,24.0
2022-01-01 22:56:09,1051,8.0,2.0,19.0
2022-01-01 22:57:27,1052,3.0,117.0,10.0
2022-01-01 22:58:46,1053,4.0,13.0,4.0
2022-01-01 23:00:04,1054,8.0,30.0,9.0
2022-01-01 23:01:23,1055,30.0,15.0,19.0
2022-01-01 23:02:41,1056,20.0,27.0,85.0
2022-01-01 23:04:00,1057,79.0,29.0,4.0
2022-01-01 23:05:18,1058,7.0,2.0,11.0
2022-01-01 23:06:37,1059,15.0,2.0,17.0
2022-01-01 23:07:56,1060,9.0,32.0,5.0
2022-01-01 23:09:14,1061,13.0,172.0,15.0
2022-01-01 23:10:33,1062,12.0,5.0,19.0
2022-01-01 23:11:51,1063,15.0,7.0,11.0
2022-01-01 23:13:10,1064,46.0,4.0,14.0
2022-01-01 23:14:28,1065,5.0,30.0,29.0
2022-01-01 23:15:47,1066,23.0,15.0,31.0
2022-01-01 23:17:06,1067,42.0,12.0,23.0
2022-01-01 23:18:24,1068,14.0,10.0,46.0
2022-01-01 23:19:43,1069,17.0,3.0,6.0
2022-01-01 23:21:01,1070,21.0,5.0,4.0
2022-01-01 23:22:20,1071,14.0,45.0,32.0
2022-01-01 23:23:38,1072,59.0,7.0,28.0
2022-01-01 23:24:57,1073,,7.0,
2022-01-01 23:26:15,1074,19.0,4.0,3.0
2022-01-01 23:27:34,1075,24.0,13.0,53.0
2022-01-01 23:28:53,1076,30.0,78.0,73.0
2022-01-01 23:30:11,1077,75.0,29.0,7.0
2022-01-01 23:31:30,1078,10.0,12.0,92.0
2022-01-01 23:32:48,1079,4.0,12.0,25.0
2022-01-01 23:34:07,1080,4.0,14.0,7.0
2022-01-01 23:35:25,1081,11.0,9.0,15.0
2022-01-01 23:36:44,1082,11.0,6.0,31.0
2022-01-01 23:38:03,1083,52.0,6.0,63.0
2022-01-01 23:39:21,1084,12.0,2.0,7.0
2022-01-01 23:40:40,1085,13.0,9.0,34.0
2022-01-01 23:41:58,1086,10.0,12.0,31.0
2022-01-01 23:43:17,1087,3.0,5.0,
2022-01-01 23:44:35,1088,35.0,25.0,29.0
2022-01-01 23:45:54,1089,6.0,5.0,4.0
2022-01-01 23:47:12,1090,29.0,20.0,8.0
2022-01-01 23:48:31,1091,16.0,7.0,4.0
2022-01-01 23:49:50,1092,5.0,40.0,12.0
2022-01-01 23:51:08,1093,7.0,8.0,23.0
2022-01-01 23:52:27,1094,6.0,21.0,35.0
2022-01-01 23:53:45,1095,27.0,26.0,13.0
2022-01-01 23:55:04,1096,3.0,9.0,10.0
2022-01-01 23:56:22,1097,13.0,6.0,14.0
2022-01-01 23:57:41,1098,8.0,3.0,52.0
2022-01-01 23:59:00,1099,30.0,4.0,21.0
